euaFUICkZa4	1 Hour Of Calm Pokemon Town Music
zbqLtErMXLA	Easter Darkrai Now Spawning
-Ufe56htkhE	Can You Catch This Rare Pokemon
GE6cHcUMs20	Pokefind Easter 2026 Egg Hunt (Now Ended)
IJCpG97GkF0	Main Quest 12 - Zeinova, Rejoice
IT2UOq83bdA	Main Quest 11 - ...Together We Fall
4NRP91WsAQk	Main Quest 10 - United We Stand Stand...
nFHeMiHL5AM	Main Quest 9 - The Consequences of Truth - Sophro
rMcCB1xq0sU	Main Quest 9 - The Restoration of Ideals - Statera
QHc9ubK1JH4	Custom Fishing
fk9W_2o986A	PokeFind Anniversary and Valentine Bundle Opening
w65exvakRYs	Come find your Valentine Heatran
8fhGR6EVHiE	Valentine Heatran Is In The Safari Zone????
IlCJA4qWtdI	How It's Going (Read Description)
WT6gDmUW4Y4	Fish Out of Water
Opl45aT_7aM	Magikarp Madness
m1MohMPkkkE	Welcome, to Pikachu Paradise
haQdyRl83C8	Don't Wake A Sleeping Giant
npYH7DOh3Zk	PokeFind 2025 Halloween Event Extended
VWC6JUy9Jz8	Family Wailord
ZwhCir9s1s8	From The Bottom Of My Heart, Thank You
yVbuTsh4CA4	PokeFind 2025 Halloween Wisps (All Regions)
7sjC1Ip-oaU	PokeFind Halloween Event 2025
7F2jjNF4ZtM	Pokefind HowTo Accept Safari Ranger Yes/No Chat Request on Bedrock
knBJzb8Efyc	Newest Animated Models
y3S4q0jLTpk	The Joy Of Creation
Ujqdz-ClYvc	Long Live The King
8SZZxE4Z3dQ	Wailord
Fu2NnmfpAhk	Pokefind HowTo Breed with the New Sizing Mechanic
rchDubhhpZk	Gen5 DLC Teaser Trailer
tkCRaKQXYOU	2025 01 09 13 42 04
OmFuL5T4O5k	PokeFind When It Rains It Pours (HM Quest: Generation 3)
lC9Tok9_WL8	PokeFind Pages of Discovery Quest
W4SeGcvtppg	PokeFind 2024 Easter Event: All Gen 1 Egg Locations
ZUmeCoU6L3o	PokeFind 2024 Easter Event: All Gen 3 Egg Locations
GLzX3wlOAbk	PokeFind 2024 Easter Event: All Gen 4 Egg Locations
YM7nMXfqFI8	PokeFind 2024 Easter Event: All Gen 5 Egg Locations
BZ2JRfcD4xs	PokeFind Easter Event 2024 (Not the locations guide)
5GdwgBUIDfA	One Year of WarriorToxic
EDdqMAlGi6o	PokeFind Elite Four (Elite Four: Generation 3)
uan5cCyNLEY	PokeFind Bitter Rivals Part 9 (Bitter Rivals: Generation 3)
0wSF5nZeGDg	PokeFind Saint Patrick's Day Quest (Limited Time Quest: Generation 5)
rk2WgVrIkg4	PokeFind Bitter Rivals Part5-8 (Bitter Rivals: Generation 3)
PB4dyEF3PYc	PokeFind New World (Main Quest 5: Generation 3)
PUbkiCW_2gE	PokeFind Wave Badge (Badge Gym: Generation 3)
1ZFm38ne5z4	PokeFind Observing the End (Main Quest 4: Generation 3)
hsnt3nKvPDU	PokeFind Glacier Badge (Badge Gym: Generation 3)
j72LkQkLUc8	PokeFind Flight Badge (Badge Gym: Generation 3)
5cdR74OAC9Y	Toxicwarr1or vs BaconPancakze Tournament Battle
B-m8jCU-pxU	PokeFind New Fossil Quest (Fossil Frenzy, Zeinova: Generation 5)
PAP7JiZ-so0	PokeFind Happy Valentine's Day Quest! (Side Quest: Generation 5)
Oib-t9n-xz8	PokeFind Happy Anniversary! Quest (Side Quest: Generation 5)
MmvcVfpNAeo	PokeFind Housing Script Editor: Making a Team of Six
sE3Bprl1ogQ	PokeFind Wash Away (Main Quest 3: Generation 3)
Z6PbgpUrAvo	PokeFind Metal Badge (Badge Gym 4: Generation 3)
tTjjK6UfdAY	PokeFind Volcanic Gym (Badge Gym 3: Generation 3)
t7PQZG8O2Hk	PokeFind Find Your Fire (Main Quest 2: Generation 3)
gptz3Jb-R9Q	PokeFind Earth Badge (Badge Gym 2: Generation 3)
Ys_V7LncrQo	PokeFind Bitter Rivals Part 4 (Bitter Rivals: Generation 3)
vgUnzRrmmrI	PokeFind Basic Badge Gym (Badge Gym 1: Generation 3)
fiySnCshdFI	PokeFind Visions of Victory (Main Quest 1: Generation 3)
Dk3Q2K7PJUM	PokeFind Bitter Rivals Part 1 - Part 3 (Bitter Rivals: Generation 3)
IOa1_se8GYE	PokeFind Elite Four (E4: Generation 4)
bUfFYsa6kfQ	PokeFind Haikou Introduction (Intro, Generation 3)
8mPomqoYSPU	PokeFind Classy Competition 4 (Classy Comp, Generation 4)
V2E-U_lUSIc	PokeFind Blitz Badge (Gym 8, Generation 4)
hWBKTt-lvO0	PokeFind Time Vortex (Main Questline, Generation 4)
Z2u6DB0-VQs	PokeFind Out of Time (Main Questline, Generation 4)
gjAT-yWxhvg	PokeFind The Horrifying Truth (Main Questline, Generation 4)
1ZacnVvHlc4	PokeFind Flux Badge (Gym 7, Generation 4)
8hetNvzL23w	PokeFind Power Storm (Main Questline, Generation 4)
6-YA4Exv0_k	PokeFind Oracle Badge (Gym 6, Generation 4)
ZFVa4M8DShM	PokeFind Power Badge (Gym 5, Generation 4)
yT-yQjehEzI	PokeFind 12 Days Of Christmas Quests
WRGaO4ymTjQ	PokeFind Shadow Quest 4 (Part 3)
BP7bJ42wtb8	PokeFind Shadow Quest 4 (Part 2)
hK5QKA87CBY	PokeFind Shadow Quest 4 (Part 1)
NZnSbXrKFas	PokeFind Shadow Quest 3
3uBPavO-E3s	PokeFind Shadow Quest 2
1Rv7moTOBmA	PokeFind Shadow Quest 1
OBsy7dsDE1g	PokeFind Housing: Making Our First Script
ok2aWnpgBMA	PokeFind Housing: Script Editor Block Explanation
qCE8uKlbIYo	Pokefind Housing: Intro to Script Editor
yW65ajRE6qI	Pokefind Battle Tower Update
KovKFByOBuM	The Historical Discovery (Part 3: Registeel - Escape Room)
H53K3IHLqRg	The Historical Discovery (Part 2: Regirock - Puzzle)
BBcALM7g1UQ	The Historical Discovery (Part 1: Regice - Parkour)
oiFWrWyeBc4	The Historical Discovery (Pokefind Haikou Quest)
7K1bZc8Gy3k	Pokefind HowTo Clear Cached Data
oYrIOG8kaDQ	Eevee Exploration (Pokefind: Zeinova Side Quest)
IChKtpWFICY	Summer's In The Air (Gen 5 Summer Quest)(PokeFind)
Jbz6SDFU5gc	Dream Eater (Page Reconstruction: Lyka)(Updated)
hP984YFqZYs	Pokefind HowTo Join on Xbox
7NbNC6PBIXo	Zeinova Honey Trees
WL4zZgBmZk0	Dream Eater: Page Reconstruction (The Solution)
-UP_pddrJzs	The Badge Gyms of Zeinova (Gen 5)
BxMfn7c1B18	PokeFind HowTo: Switch Regions
fmyB9VUxShM	Complete Magma Puzzle Guide (Main Quest 4: An Ancient Encounter)
-Nc15RNzE8c	PokeFind How To Switch Train To Gain EXP
WqY39BbB3bw	PokeFind How To Breed Pokemon
F-joH5oorY0	The Electrode Puzzle (A Cosmic Discovery Act 4)
zqkrUFpS1Tg	How To: Switch Versions on Lunar/Switch Between Optifine and Sodium
F-YHdlueWZ0	Zeinova Region (Gen 5) Safari Zone "How To"
nKW5qq3Znt8	The Cosmic Discovery (Act 5)
y3ZcQHh4poM	The Move Tutors of Zeinova
JYiLgAv2GuQ	How To Release Pokemon From Your PC
fPB_emQz3z8	Where to Find the Store Baby Eggs
AEIn1ZI4V7M	A Ground Breaking Discovery
riBH-LXV640	The Cosmic Discovery (Act 4)
mjW-rFS2pas	The Cosmic Discovery (Act 3)
55-InwocIcw	The Cosmic Discovery (Act 2)
Poz_poHJUac	The Cosmic Discovery (Act 1)
HCD5QS8HRnI	Create a Save Slot on Pokefind
M1cm3gwqkKg	How to Join PokeFind
IxJno3ZphDw	How to change versions on the Minecraft Launcher
BJo1bcF_GLI	Welcome to Pokefind
m_GxdpuYEao	Classy Competition 3 (Episode 13: Main Quest 7, Breeding Quest)
ulbeFz6xZjA	The Geode Badge (Episode 12: Fourth Gym Badge)
Uiz0AQP0wkM	Lava Puzzle #shorts #pokemon #pokefind
UMsnZIYT2aw	Standing My Ground Against The Elite 4 #shorts #pokemon #pokefind
PQmKSVgTAo0	Jack Black Loves Ditto #shorts #pokefind #jackblack #peaches #minecraft #pokemon
c8XRww8i1T0	Hard Fought Battle
5hCUwjxwQ6Y	Highway to Nowhere
25NFZpYYC8k	If you know, you know #shorts
ElnXL4gdX0k	Top Down World Tour
2p8kc19tTvk	Generation 5 Veteran and Expert Trainer Location
9vqhfOulXFA	Generation 5 Important NPC Locations
G5yM7faUDR0	Generation 5 Iconic Trainer Locations
engEWsMOkMc	Flood of Destruction (Episode 10: Main Quest 6)
CXorI859cGA	The Monsoon Badge (Episode 9: Third Gym Badge)
3fTH7gxF1fc	All Gen 5 Mystery Man Locations
aYEGhiy1OmE	Easter Update Video
SLpATWXX8ak	Snowflake Badge (Episode 8: Second Gym Badge)
qiQcsPIAtaw	Discovery of Existence (Episode 7: Main Quest 5)
PQ-r1xbYUqU	Classy Competition 2 (Episode 6: Main Quest 4)
yCigxiWMuZE	Fauna Badge (Episode 5: First Gym Badge)
PChJlFrk9uc	Ignition of Space (Episode 4: Main Quest 3)
HWXh81RUs20	The Time Is Now (Episode 3: Main Quest 2)
8k6AdyLyEGc	Classy Competition 1 (Episode 2: Main Quest 1)
lFFlHYenJSU	Welcome to Shiloh (Episode 1: Introduction)
y7f7x_xD1YU	The Great War (Episode 20: Main Quest 8 - Sophro)
MPydDg7_s0M	End of Main Quest 7 - Sophro
PWKSzwSJCXY	Making Friends (Episode 19: Main Quest 7 - Sophro)
vXXbmMVURGc	A New Family (Episode 17: Main Quest 6 - Sophro)
Zlsqfla-4_A	A Choice Of A Lifetime (Episode 15: Main Quest 5 - Sophro)
0gFu-EMMQs0	The Great War (Episode 20: Main Quest 8 - Statera)
5oU7YFSkunE	The Elite Four (Episode 19.2: Elite Four and Main Quest 7 - Statera End)
z20CcpEa_Zo	An Experimental Mess/Wyvern Badge (Episode 19.1: Main Quest 7 - Statera/Eighth Gym Badge)
veW5c1E-aQA	The Frost Badge (Episode 18: Seventh Gym Badge)
VGaAQuHXty4	Tasks For A Newbie (Episode 17: Main Quest 6 - Statera)
zyLS9GacDS8	The Badge Worth More Than Dirt (Episode 16: Sixth Gym Badge)
BHjaHS2c0UU	A Choice Of A Lifetime (Episode 15: Main Quest 5 - Statera)
zDnY3XYjmYU	A Most Shocking Badge (Episode 13: Fifth Gym Badge)
qPR9QYE39VQ	Mine Your Business (Episode 14: Yearn For The Mines)
aqyfUx_YBDw	An Ancient Encounter (Episode 12: Main Quest 4)
qMkUn-0P4lE	Dream Eater Part 4 (Episode 11: The Thief Revealed!)
QAbRvk1sdnk	A Very Eerie Badge (Episode 10: Fourth Gym Badge)
SGdn7_QdEHY	Dream Eater Part 3 (Episode 4.3: Berry Blindness)
CUEQ5M_fvgg	A Soothing Melody (Episode 9: Main Quest 3)
gFx1lqX4rCg	The Badge Of Foresight (Episode 8: Third Gym Badge)
qpbNpIN_bhg	Pokemon On The Loose! (Episode 7: Main Quest 2)
hB5EzaX2BYY	Dream Eater Part 2 (Episode 4.2: Race Around The Relm)
obSetqqL7ZY	The Muscle Badge (Episode 6: Second Gym Badge)
3PoFnGOle_o	Fight For The Fields (Episode 5: Breeding Quest)
DGrZ3kQ0T00	Dream Eater Part 1 (Episode 4.1: Page Reconstruction)
iaMqvBk5wGE	Badge of Flight (Episode 3: First Gym Badge)
BEzZVzX_3OE	A Myth or a Lie? (Episode 2: Main Quest 1)
RMZt4aYZM0k	Welcome to PokeFind (Episode 1: Gen 5 Introduction)
